Reference,Qty,Value,DNP,Exclude from BOM,Exclude from Board,Digikey PN,Unit Cost,Description,Total Cost,Board cost:
"C1,C2,C3,C5,C6,C7,C9,C10,C12,C13,C15,C16,C17,C18,C19,C20,C21,C22,C23,C24,C32,C39,C40,C41,C42,C43,C44,C45,C46,C47,C57,C58,C59,C60,C61,C62,C63,C64,C65,C66,C67,C68,C69,C71,C72,C74",46,100nF,,,,1276-6854-1-ND,0.055,Unpolarized capacitor,2.53,56.957
"C4,C8,C11,C14,C25,C34,C36,C38,C48,C49,C50,C51,C52,C53,C54,C55,C73",17,4.7uF,,,,1276-1044-1-ND,0.044,Unpolarized capacitor,0.748,
"C26,C27,C33,C70",4,1uF,,,,1276-1859-1-ND,0.1,Unpolarized capacitor,0.4,
"C28,C35,C37",3,10pF,,,,1276-2149-1-ND,0.1,Unpolarized capacitor,0.3,
"C29,C30",2,22uF,,,,1276-2728-1-ND,0.29,Unpolarized capacitor,0.58,
"C31,C56",2,22uF,,,,P814-ND,0.27,"capacitor, US symbol",0.54,
D1,1,RED,,,,754-1123-1-ND,0.21,Light emitting diode,0.21,
D2,1,GREEN,,,,754-1121-1-ND,0.19,Light emitting diode,0.19,
D3,1,LED_KRGB,,,,160-2162-1-ND,0.44,"RGB LED, cathode/red/green/blue",0.44,
"D4,D5,D6",3,YELLOW,,,,754-1124-1-ND,0.21,Light emitting diode,0.63,
D7,1,D,,,,5399-SS32CT-ND,0.1,Diode,0.1,
D8,1,D_TVS,,,,5399-SMAJ6.0ACT-ND,0.17,Bidirectional transient-voltage-suppression diode,0.17,
"F1,F2",2,Fuse,,,,5923-0686F7000-01CT-ND,0.45,Fuse,0.9,
"FB1,FB2,FB3",3,600Ω@100MHz,,,,490-1014-1-ND,0.1,Ferrite bead,0.3,
J1,1,USB_C_Receptacle_USB2.0_16P,,,,2073-USB4105-GF-ACT-ND,0.8,USB 2.0-only 16P Type-C Receptacle connector,0.8,
"J2,J3,J4,J5,J6,J7,J8,J9",8,Conn_01x06,,,,455-BM06B-GHS-TBTCT-ND,0.47,"Generic connector, single row, 01x06, script generated (kicad-library-utils/schlib/autogen/connector/)",3.76,
"J10,J11",2,Conn_02x08_Odd_Even,,,,4627-PH254V-216-6TBKG126-ND,0.34,"Generic connector, double row, 02x08, odd/even pin numbering scheme (row 1 odd numbers, row 2 even numbers), script generated (kicad-library-utils/schlib/autogen/connector/)",0.68,
J12,1,5VIN,,,,455-B2B-XH-A-ND,0.1,"Generic connector, single row, 01x02, script generated (kicad-library-utils/schlib/autogen/connector/)",0.1,
J13,1,Conn_01x10,,,,2057-PH1-10-UA-ND,0.14,"Generic connector, single row, 01x10, script generated (kicad-library-utils/schlib/autogen/connector/)",0.14,
J14,1,RJ45_Halo_HFJ11-x2450E-LxxRL,,,,5843-HFJ11-2450E-L12RL-ND,5.29,"Halo HFJ11, 10/100 Base-TX, two LEDs, RJ45, Shielded",5.29,
L1,1,1uH,,,,3526-WIP322512A-1R0MLDGCT-ND,0.11,Inductor,0.11,
"R1,R2,R3,R4,R5,R6,R7,R8,R9,R10,R11,R12,R13,R18,R19,R20,R22,R24,R27,R35,R36,R41,R42,R44,R48,R52,R54,R56,R58,R59,R61,R63,R65,R77,R79,R81,R82,R83",38,10k,,,,311-10KLDCT-ND,0.028,"Resistor, US symbol",1.064,
"R14,R15,R16,R17,R21,R28,R29,R30,R31,R32,R33,R34,R37,R38,R43,R47,R90",17,1k,,,,311-1.00KHRCT-ND,0.025,"Resistor, US symbol",0.425,
"R25,R85,R89",3,12k,,,,311-12.0KHRCT-ND,0.1,"Resistor, US symbol",0.3,
R39,1,102k,,,,YAG1498CT-ND,0.11,"Resistor, US symbol",0.11,
R40,1,34k,,,,311-34.0KHRCT-ND,0.11,"Resistor, US symbol",0.11,
"R45,R46",2,5.1k,,,,311-5.1KGRCT-ND,0.11,"Resistor, US symbol",0.22,
"R49,R50",2,10,,,,311-10LDCT-ND,0.1,"Resistor, US symbol",0.2,
"R67,R68,R69,R70,R71,R72,R73,R74,R75,R76,R78,R80",12,127,,,,311-127HRCT-ND,0.1,"Resistor, US symbol",1.2,
"R84,R86,R87,R88",4,49.9,,,,311-49.9HRCT-ND,0.11,"Resistor, US symbol",0.44,
"SW1,SW2",2,SW_Push,,,,CKN10244CT-ND,0.67,"Push button switch, generic, two pins",1.34,
U1,1,,,,,2134-T20Q100F3C3-ND,10.3,,10.3,
U2,1,23AA02M-IST,,,,150-23AA02M-I/ST-ND,3.18,"Microchip 2 Mbit SRAM Memory, up to 143MHz, 1.7-3.6V supply, TSSOP-8",3.18,
U3,1,TPS62A02APDDC,,,,296-TPS62A02APDDCRCT-ND,0.24,"High Efficiency Synchronous Buck Converter with forced PWM, Adjustable Output 0.6V-5.5V, 2A, Power Good, Enable, SOT-23-6",0.24,
U4,1,TLV75733PDBV,,,,296-TLV75733PDYDRCT-ND,0.37,"1A Low IQ Small Size Low Dropout Voltage Regulator, Fixed Output 3.3V, SOT-23-5",0.37,
U5,1,TPS2116DRL,,,,296-TPS2116DRLRCT-ND,1.07,"2 Channnels Power Mux with Manual and Priority Switchover, 1.6-5.5V Input Voltage, 2.5A Output Current, Ron 40 mOhm, SOT-583-8",1.07,
U6,1,93AAxxBT-xOT,,,,93AA56BT-I/OTCT-ND,0.32,"Serial EEPROM, 93 Series, 16-bit word, 1.8V, SOT-23",0.32,
U7,1,USBLC6-2SC6,,,,497-5235-1-ND,0.54,"Very low capacitance ESD protection diode, 2 data-line, SOT-23-6",0.54,
U8,1,FT4232H,,,,,10,"Hi Speed Quad Channel USB UART/FIFO, LQFP/QFN-64",10,
U9,1,ADC1283,,,,ADC088S022CIMTX/NOPBCT-ND,3.52,"Low power 8-channel single ended 12-bit SAR ADC, 50 ksps to 200 ksps, SPI, TSSOP-16",3.52,
U10,1,LAN8720A,,,,LAN8720A-CP-CT-ND,1.03,"LAN8720 Ethernet PHY with RMII interface, QFN-24",1.03,
U11,1,SN74LV244AQDGSRQ1,,,,296-SN74LV244AQDGSRQ1CT-ND,0.68,,0.68,
Y1,1,ECS-2520MV-500-xx,,,,XC2758CT-ND,1.2,"HCMOS Crystal Clock Oscillator, 2.5x2.0 mm SMD",1.2,
Y2,1,Crystal_GND24,,,,2151-RH100-12.000-10-3030-TRCT-ND,0.18,"Four pin crystal, GND on pins 2 and 4",0.18,
